<?xml version = "1.0" encoding = "utf-8"?>

<extension type = "module" version = "3.1.0" client = "site" method="upgrade">

   <name>Hello, World!</name>
   <author>Dana</author>
   <version>1.0.0</version>
   <description>About module.</description>
	
   <files>
      <filename>mod_about.xml</filename>
      <filename module = "mod_about">mod_about.php</filename>
      <filename>index.html</filename>
      <filename>helper.php</filename>

   </files>
	
   <config>
   </config>
	
</extension>